Position,Fitness
0,100
1,941
2,1668
3,2287
4,2804
5,3225
6,3556
7,3803
8,3972
9,4069
10,4100
11,4071
12,3988
13,3857
14,3684
15,3475
16,3236
17,2973
18,2692
19,2399
20,2100
21,1801
22,1508
23,1227
24,964
25,725
26,516
27,343
28,212
29,129
30,100
31,131
